{"input_nodes": 2, "output_nodes": 2, "hidden_nodes": 10, "learning_rate": 0.01, "weights": {"xor": {"wih": [[-5.323311764075218, 12.31074611001271], [-0.5093985428954612, 0.4058214065557376], [0.006391433082944513, 0.26101714875787574], [4.82077091026797, -10.67610573427567], [4.221508298924933, 4.407010960217359], [-5.604019854178384, -5.7798235651701235], [-3.656795329038046, 1.6507994963900439], [-13.988074497368899, 5.789848423491175], [-5.61667388825551, -5.793983674427439], [0.31705130719010005, -1.0130108146059846]], "who": [[4.6766836753485075, 0.2233119958589168, 0.15745802656343721, -2.785727247982338, -1.2587212662664236, 6.356204897017049, -0.548670086110288, -6.866851915660788, 7.160034120970834, 0.22062465478950338], [-4.7004597617309365, 0.2157975930408404, 0.12515960555326436, 2.6775646206956902, 0.9009698033928342, -6.562151604086277, 0.22532983641580648, 6.99371745010225, -7.215581884278519, 0.03836868245302097]]}}}