{"input_nodes": 2, "output_nodes": 2, "hidden_nodes": 3, "learning_rate": 0.01, "weights": {"xor": {"wih": [[-5.528963227270219, 23.050986452567113], [5.265831814379209, 5.267101867558057], [22.922411085187832, -5.5281450214788]], "who": [[9.145485464509992, -12.845452203185243, 9.145025492403455], [-9.142849559627503, 12.841906908460553, -9.142389068264784]]}}}