{"output_nodes": 2, "learning_rate": 0.01, "weights": {"xor": {"who": [[9.18665819053856, -12.911432736870893, 9.185882708208405], [-9.184120985392813, 12.908022611614454, -9.183344575965092]], "wih": [[-5.531848314842477, 23.38161922144889], [5.265974125619639, 5.26632010212444], [23.25304989290124, -5.530365087678241]]}}, "input_nodes": 2, "hidden_nodes": 3}