{"wih": [[5.278846259586885, 5.273851287387851], [-5.521567051406126, 21.14355165466486], [21.353373661532675, -5.519448922661608]], "who": [[-12.452560643670079, 8.889308790402193, 8.889010654486565], [12.461959544286705, -8.896301508073893, -8.89601236980169]]}